<?xml version="1.0" encoding="UTF-8"?>
    <addon id="repository.playersklub" name="[COLOR red ]THE PLAYERS KLUB[/COLOR] Repository" version="1.1.2" provider-name="THEPLAYERSKLUB">
        <requires>
            <import addon="xbmc.addon" version="12.0.0"/>
        </requires>
        <extension point="xbmc.addon.repository" name="playersklub">
            <info compressed="false">https://github.com/gebtec/The-Players-Klub/blob/master/addons.xml</info>
            <checksum>https://github.com/gebtec/The-Players-Klub/blob/master/addons.xml.md5</checksum>
            <datadir zip="true">https://github.com/gebtec/The-Players-Klub</datadir>
            <hashes>false</hashes>
        </extension>
        <extension point="xbmc.addon.metadata">
            <summary>Install My Addons</summary>
            <description>Download and install addons THE PLAYERS KLUB</description>
            <platform>all</platform>
    </extension>
</addon>