<?xml version="1.0" encoding="UTF-8" standalone="yes"?>
<addon id="plugin.video.playklub"
       name="[COLOR gold]THE PLAYERS KLUB[/COLOR]"
       version="4.8"
       provider-name="pipcan">
  <requires>
        <import addon="script.module.requests"/>
    <import addon="xbmc.python" version="2.1.0"/>
  </requires>
  <extension point="xbmc.python.pluginsource"
            library="default.py">
        <provides>video</provides>
  </extension>
  <extension point="xbmc.addon.metadata">
    <summary lang="en"></summary>
    <language>en</language>
    <description lang="en"></description>
     <platform>all</platform>
  </extension>
</addon>
